protein-coding	chr13	42272152	42272408	ENST00000025301.4	AKAP11	+	1	ENST00000025301.4_AKAP11_+_1	ctrl_rep1.forward	0.743809338521401	ctrl_rep1.reverse	NA	ctrl_rep2.forward	1.27103019455253	ctrl_rep2.reverse	NA	HS_rep1.forward	0.165711050583658	HS_rep1.reverse	NA	HS_rep2.forward	0.282122178988327	HS_rep2.reverse	NA
protein-coding	chr13	42272408	42272664	ENST00000025301.4	AKAP11	+	2	ENST00000025301.4_AKAP11_+_2	ctrl_rep1.forward	3.62509377431907	ctrl_rep1.reverse	NA	ctrl_rep2.forward	3.93276237354086	ctrl_rep2.reverse	NA	HS_rep1.forward	0.614875214007782	HS_rep1.reverse	NA	HS_rep2.forward	1.59334795719844	HS_rep2.reverse	NA
protein-coding	chr13	42272664	42272920	ENST00000025301.4	AKAP11	+	3	ENST00000025301.4_AKAP11_+_3	ctrl_rep1.forward	7.31282373540856	ctrl_rep1.reverse	NA	ctrl_rep2.forward	7.77886501945525	ctrl_rep2.reverse	NA	HS_rep1.forward	4.46548101167315	HS_rep1.reverse	NA	HS_rep2.forward	3.90161974708171	HS_rep2.reverse	NA
protein-coding	chr13	42272920	42273176	ENST00000025301.4	AKAP11	+	4	ENST00000025301.4_AKAP11_+_4	ctrl_rep1.forward	6.48288832684825	ctrl_rep1.reverse	NA	ctrl_rep2.forward	8.76927937743191	ctrl_rep2.reverse	NA	HS_rep1.forward	2.61649361867704	HS_rep1.reverse	NA	HS_rep2.forward	4.18053023346303	HS_rep2.reverse	NA
protein-coding	chr13	42273176	42273432	ENST00000025301.4	AKAP11	+	5	ENST00000025301.4_AKAP11_+_5	ctrl_rep1.forward	6.56118326848249	ctrl_rep1.reverse	NA	ctrl_rep2.forward	9.48733011673152	ctrl_rep2.reverse	NA	HS_rep1.forward	2.78656544747082	HS_rep1.reverse	NA	HS_rep2.forward	3.89520715953307	HS_rep2.reverse	NA
